<keymap version="1" name="macOS copy" parent="Mac OS X 10.5+">
  <action id="ActivateProjectToolWindow" />
  <action id="ActivateServicesToolWindow" />
  <action id="ActivateTODOToolWindow">
    <keyboard-shortcut first-keystroke="meta 8" />
  </action>
  <action id="ActivateTerminalToolWindow">
    <keyboard-shortcut first-keystroke="alt f12" />
    <keyboard-shortcut first-keystroke="f12" />
  </action>
  <action id="Arrangement.Rule.Edit" />
  <action id="BookmarksView.Rename" />
  <action id="ChangesView.Rename" />
  <action id="CompileDirty">
    <keyboard-shortcut first-keystroke="f10" />
  </action>
  <action id="Console.TableResult.EditValue">
    <keyboard-shortcut first-keystroke="enter" />
    <keyboard-shortcut first-keystroke="alt enter" />
  </action>
  <action id="Console.TableResult.NavigateForeignAction">
    <mouse-shortcut keystroke="meta button1" />
    <mouse-shortcut keystroke="Force touch" />
    <mouse-shortcut keystroke="button2" />
    <keyboard-shortcut first-keystroke="meta 1" />
  </action>
  <action id="Debugger.EditArrayFilter" />
  <action id="Debugger.EditCustomField" />
  <action id="DuplicatesForm.SendToLeft" />
  <action id="EditorPageDown" />
  <action id="EditorPageUp" />
  <action id="EditorResetFontSize">
    <keyboard-shortcut first-keystroke="shift ctrl m" />
  </action>
  <action id="Exit" />
  <action id="FileChooser.GotoHome" />
  <action id="Git.Rename.Local.Branch" />
  <action id="Git.Reword.Commit" />
  <action id="GotoDeclaration">
    <mouse-shortcut keystroke="meta button1" />
    <mouse-shortcut keystroke="Force touch" />
    <mouse-shortcut keystroke="button2" />
    <keyboard-shortcut first-keystroke="meta 1" />
  </action>
  <action id="GotoImplementation">
    <mouse-shortcut keystroke="meta alt button1" />
    <keyboard-shortcut first-keystroke="meta alt 1" />
    <keyboard-shortcut first-keystroke="meta b" />
  </action>
  <action id="GotoNextError" />
  <action id="GuiDesigner.EditComponent" />
  <action id="GuiDesigner.EditGroup" />
  <action id="GuiDesigner.QuickJavadoc">
    <keyboard-shortcut first-keystroke="ctrl j" />
    <mouse-shortcut keystroke="control button2" />
  </action>
  <action id="JumpDown 14">
    <keyboard-shortcut first-keystroke="ctrl page_down" />
  </action>
  <action id="JumpDown 7">
    <keyboard-shortcut first-keystroke="page_down" />
  </action>
  <action id="JumpDownSelect 7">
    <keyboard-shortcut first-keystroke="shift ctrl page_down" />
  </action>
  <action id="JumpToLastWindow" />
  <action id="JumpUp 14">
    <keyboard-shortcut first-keystroke="ctrl page_up" />
  </action>
  <action id="JumpUp 7">
    <keyboard-shortcut first-keystroke="page_up" />
  </action>
  <action id="JumpUpSelect 7">
    <keyboard-shortcut first-keystroke="shift ctrl page_up" />
  </action>
  <action id="List-scrollDown" />
  <action id="List-scrollUp" />
  <action id="Move">
    <keyboard-shortcut first-keystroke="shift f6" />
  </action>
  <action id="QuickJavaDoc">
    <keyboard-shortcut first-keystroke="ctrl j" />
    <mouse-shortcut keystroke="control button2" />
  </action>
  <action id="RenameElement">
    <keyboard-shortcut first-keystroke="f6" />
  </action>
  <action id="Resume">
    <keyboard-shortcut first-keystroke="meta alt r" />
    <keyboard-shortcut first-keystroke="f1" />
    <keyboard-shortcut first-keystroke="f8" />
  </action>
  <action id="SearchEverywhere.NavigateToNextGroup">
    <keyboard-shortcut first-keystroke="meta down" />
  </action>
  <action id="SearchEverywhere.NavigateToPrevGroup">
    <keyboard-shortcut first-keystroke="meta up" />
  </action>
  <action id="SelectInProjectView">
    <keyboard-shortcut first-keystroke="alt f2" />
    <keyboard-shortcut first-keystroke="f2" />
  </action>
  <action id="ShelvedChanges.Rename" />
  <action id="StepOver">
    <keyboard-shortcut first-keystroke="f9" />
  </action>
  <action id="Table-scrollDownChangeSelection" />
  <action id="Table-scrollUpChangeSelection" />
  <action id="Table-startEditing" />
  <action id="ToggleDistractionFreeMode">
    <keyboard-shortcut first-keystroke="f19" />
  </action>
  <action id="ToggleLineBreakpoint">
    <keyboard-shortcut first-keystroke="f13" />
  </action>
  <action id="TogglePresentationMode">
    <keyboard-shortcut first-keystroke="f18" />
  </action>
  <action id="Tree-startEditing" />
  <action id="Vcs.Log.ShowTooltip">
    <keyboard-shortcut first-keystroke="ctrl j" />
    <mouse-shortcut keystroke="control button2" />
  </action>
  <action id="WebOpenInAction" />
  <action id="XDebugger.SetValue" />
  <action id="org.intellij.plugins.markdown.ui.actions.styling.ToggleBoldAction" />
</keymap>